Name,X (mm),Y (mm),Z (mm),Rx (deg),Ry (deg),Rz (deg),Approach,Joints
tst1,349.1478576660156,23.94767951965332,136.05093383789062,179.9999663543036,1.3937511563609177E-5,-134.99707031256335,false,"3.924, -2.980, -25.657, 0.000, -64.343, 221.079"
tst2,449.1480712890625,23.94759750366211,136.05084228515625,168.01557922363287,11.538833618164098,-160.5716094970703,false,"0.400, 12.492, -24.929, -17.604, -59.314, 208.517"
present gear,193.3283233642578,447.9787902832031,-58.47238540649414,-87.95851135253908,-46.45790481567382,-49.33342742919921,false,"71.226, 42.334, -70.611, -30.276, 74.520, 326.114"
