Name,X (mm),Y (mm),Z (mm),Rx (deg),Ry (deg),Rz (deg),Approach,Joints
shared_gripper,-419.1780700683594,506.90264892578125,-77.74507141113281,-175.64860534667952,2.036552190780568,70.39998626708984,false,"129.10304723172013,64.47374825178531,-30.567869590965635,-4.774534882900663,-56.85595289351528,-56.258823605359034"
shared_gripper,-406.6734924316406,508.0922546386719,71.72803497314453,-175.64860534667963,2.0365490913392104,70.39997863769533,true,"128.17746097658483,53.02333567494137,-13.993310787723104,-4.213813491226393,-73.44661557527255,-56.74409830057858"
private,-420.4400329589844,343.2151794433594,-77.03693389892578,-175.88175964355517,2.610692024230944,70.43579101562501,false,"140.20465912314322,46.252927736003386,-47.995308993179904,-6.127897166391332,-39.196621738802385,-65.20678464403916"
private,-408.00750732421875,346.0294189453125,72.42041778564453,-175.8817901611329,2.610677719116211,70.43577575683595,true,"139.11251187491692,31.0881524207742,-28.754891498531666,-4.6069707057754,-58.433395327528615,-66.45431869587487"
