Name,X (mm),Y (mm),Z (mm),Rx (deg),Ry (deg),Rz (deg),Approach,Joints
tst1,349.1478576660156,23.94767951965332,136.05093383789062,179.9999663543036,1.3937511563609177E-5,-134.99707031256335,false,"3.924, -2.980, -25.657, 0.000, -64.343, 221.079"
tst2,449.1480712890625,23.94759750366211,136.05084228515625,168.01557922363287,11.538833618164098,-160.5716094970703,false,"0.400, 12.492, -24.929, -17.604, -59.314, 208.517"
present gear,193.3283233642578,447.9787902832031,-58.47238540649414,-87.95851135253908,-46.45790481567382,-49.33342742919921,false,"71.226, 42.334, -70.611, -30.276, 74.520, 326.114"
present gear,190.82913208007812,541.2349243164062,-52.160518646240234,-90.77650451660159,29.4791030883789,-20.391553878784176,false,"70.674, 48.005, -59.824, -0.795, 59.151, 240.918"
returning,585.347412109375,185.6226348876953,22.899993896484375,-179.9999879210408,-5.003268716636429E-6,-135.0000000000005,false,"17.595, 48.614, -25.977, 0.000, -64.023, 207.405"
