Name,X (mm),Y (mm),Z (mm),Rx (deg),Ry (deg),Rz (deg),Approach,Joints
nearHolder,-274.26507568359375,363.8808288574219,20.095483779907227,-179.98535156249397,0.06165288389935753,-40.918056488037124,false,"127.006, 24.194, -42.585, 0.002, -47.352, 192.074"
nearHolder,-274.1681213378906,363.74609375,170.09539794921875,-179.9853515624923,0.06162119284590672,-40.91805648803711,true,"127.007, 13.343, -18.133, 0.002, -71.804, 192.075"
farHolder,-440.36785888671875,364.1004638671875,20.532363891601562,-179.99365234374008,0.10358704627451776,-40.98604965209957,false,"140.417, 41.395, -31.845, 0.010, -58.051, 178.591"
farHolder,-441.6622314453125,363.27532958984375,168.93064880371094,-179.99727981446145,-0.007276232427690833,-40.99604416083151,true,"140.562, 34.285, -10.004, 0.003, -80.003, 178.441"
