Name,X (mm),Y (mm),Z (mm),Rx (deg),Ry (deg),Rz (deg),Approach,Joints
shared_gripper,-433.6885681152344,507.71722412109375,-67.88265991210938,-179.69413757324583,0.824562907220831,70.26955413818355,false,"130.39981328709064,66.58883927157103,-26.65562090441013,-0.9692389546138697,-63.49307652099681,-59.69874934290794"
shared_gripper,-432.206298828125,509.4786071777344,82.09966278076172,-179.69413757324284,0.8245586156853272,70.26957702636717,true,"130.2051665561341,58.58872748962469,-7.648501327455821,-0.8743314483892384,-82.5007279989327,-59.82255335179693"
private,-432.345947265625,342.8302001953125,-65.59208679199219,-179.32333374023432,0.823229789733905,70.26834869384771,false,"141.4426172497631,46.60317300643363,-45.043721290693135,-1.4209614127545895,-44.59021039020703,-70.1703514155121"
private,-429.9510498046875,344.2604675292969,84.3819580078125,-179.32334899902497,0.823226571085922,70.26835632324223,true,"141.17072107929783,33.510639519234395,-25.166363042766083,-1.1074263813987817,-64.46766938342432,-70.43308147211168"
