Name,X (mm),Y (mm),Z (mm),Rx (deg),Ry (deg),Rz (deg),Approach,Joints
Name,X (mm),Y (mm),Z (mm),Rx (deg),Ry (deg),Rz (deg),Approach,Joints
shared_gripper,-426.63812255859375,509.5890808105469,-71.27091979980469,179.78775024414085,1.133749246597417,70.29027557373048,false,"129.83206064255305,66.3679509538247,-27.48739621884766,-0.9737041907835253,-63.27366352411112,-59.09587586566003"
shared_gripper,-426.255859375,511.9742736816406,48.70476531982422,179.78776550292966,1.1333695650101159,70.29028320312501,true,"129.67570395208153,59.028400426853096,-12.97910965830081,-0.8873699593489739,-77.7822147544883,-59.18976364598597"
private,-426.24774169921875,343.0252685546875,-66.52862548828125,179.7845916748051,1.1350091695785385,70.28755187988281,false,"141.0281340501923,46.25902709493188,-45.566118064049704,-1.4143527778461347,-45.02040643996255,-69.7335813086808"
private,-425.8708190917969,345.4150390625,53.44695281982422,179.7845764160155,1.1349970102310014,70.28755187988281,true,"140.80958165714202,35.34302217909933,-29.732503304572166,-1.1429132695599085,-60.853966557926725,-69.95813060782206"
