Name,X (mm),Y (mm),Z (mm),Rx (deg),Ry (deg),Rz (deg),Approach,Joints
Name,X (mm),Y (mm),Z (mm),Rx (deg),Ry (deg),Rz (deg),Approach,Joints
,,,,,,,,
shared_gripper,-435.34844970703125,505.6051940917969,-66.30284881591797,-179.99886848649683,0.0016073739627342082,70.287384031375,false,"130.72968410322784,66.28013521167058,-26.662992386071473,-0.002086911898760062,-63.33589337763576,-60.44136166037762"
shared_gripper,-435.3442687988281,505.6081848144531,83.6971435546875,-179.99943932483475,7.96468322908435E-4,70.28738403278444,true,"130.7293562541477,58.222602029375025,-7.680713353353514,-9.30649855730118E-4,-82.31870345756165,-60.441853433997835"