Name,X (mm),Y (mm),Z (mm),Rx (deg),Ry (deg),Rz (deg),Approach,Joints
Name,X (mm),Y (mm),Z (mm),Rx (deg),Ry (deg),Rz (deg),Approach,Joints
shared_gripper,-454.585205078125,378.6266174316406,27.531917572021484,-179.8342590332009,-0.0643730983134381,67.09471893310545,false,"140.21071067074752,44.231024402153714,-28.469574006348072,0.01534162206628154,-61.35314410320108,286.8767697295102"
shared_gripper,-454.2511901855469,378.30224609375,177.53114318847656,-179.83425903320278,-0.06437810510329173,67.09479522705078,true,"140.214153086089,38.20172613906809,-6.2699744926300625,0.013564927446160818,-83.55274105559815,286.87922859761125"
