Name,X (mm),Y (mm),Z (mm),Rx (deg),Ry (deg),Rz (deg),Approach,Joints
tst1,349.1478576660156,23.94767951965332,136.05093383789062,179.9999663543036,1.3937511563609177E-5,-134.99707031256335,false,"3.924, -2.980, -25.657, 0.000, -64.343, 221.079"
tst2,449.1480712890625,23.94759750366211,136.05084228515625,168.01557922363287,11.538833618164098,-160.5716094970703,false,"0.400, 12.492, -24.929, -17.604, -59.314, 208.517"
returning,585.347412109375,185.6226348876953,22.899993896484375,-179.9999879210408,-5.003268716636429E-6,-135.0000000000005,false,"17.595, 48.614, -25.977, 0.000, -64.023, 207.405"
present_gear,190.82496643066406,541.239501953125,-52.16091537475586,-90.77584075927736,29.479396820068356,-20.390380859375,false,"70.674, 48.005, -59.824, -0.795, 59.151, 240.918"
