Name,X (mm),Y (mm),Z (mm),Rx (deg),Ry (deg),Rz (deg),Approach,Joints
shared_gripper,-419.1780700683594,506.90264892578125,-77.74507141113281,-175.64860534667952,2.036552190780568,70.39998626708984,false,"129.10304723172013,64.47374825178531,-30.567869590965635,-4.774534882900663,-56.85595289351528,-56.258823605359034"
shared_gripper,-406.6734924316406,508.0922546386719,71.72803497314453,-175.64860534667963,2.0365490913392104,70.39997863769533,true,"128.17746097658483,53.02333567494137,-13.993310787723104,-4.213813491226393,-73.44661557527255,-56.74409830057858"
private,-420.5204162597656,343.247314453125,-75.31307983398438,-175.88392639160173,2.6294257640838294,70.23429107666016,false,"140.20655791573236,46.06224592985981,-47.78250078922127,-6.110759794877869,-39.40345352723758,-65.4384236795385"
private,-408.0670471191406,346.0655822753906,74.1424789428711,-175.88395690917994,2.62935543060304,70.23429107666016,true,"139.11279874286205,30.981758564078635,-28.49587364974579,-4.602016684193292,-58.68676119477661,-66.67702384394033"
