Time,PartName,Robot_X,Robot_Y,Robot_Z,Db_X,Db_Y,Db_Z,Offset_X,Offset_Y,Offset_Z
1556911569769, part_large_gear_in_kt_1, 544.67,-34.65,-148.0, 554.5, -26.5, -148.0, -9.867719726562541,-8.156237030029295,0.0
1556911685599, part_large_gear_in_kt_1, 646.8,147.9,-148.0, 654.3, 156.7, -148.0, -7.5361816406250455,-8.809838867187494,0.0
1556911990319, part_large_gear_in_kt_1, 573.13,-181.33,-148.0, 586.6, -176.5, -148.0, -13.429143066406255,-4.7857800292968875,0.0
1556912073286, part_large_gear_in_kt_1, 327.51,-198.62,-148.0, 339.9, -196.5, -148.0, -12.351785888671884,-2.148244018554692,0.0
1556912168760, part_large_gear_in_kt_1, 272.37,162.04,-148.0, 280.3, 164.6, -148.0, -7.9667614746093705,-2.5304498291015705,0.0
