X,Y,Z,Offset_X,Offset_Y,Offset_Z
354.01,-190.42,-96.0,5.09615966796872,-5.161121215820316,0.0
651.41,162.19,-96.0,6.557565917968759,-3.7235388183593727,0.0
323.66,160.45,-96.0,5.473666992187475,-5.132108154296844,0.0
602.3,-150.33,-97.0,1.1361669921875546,-3.9118920898437466,1.0
