X,Y,Z,Offset_X,Offset_Y,Offset_Z
354.01,-190.42,-96.0,5.09615966796872,-5.161121215820316,+0.0
651.41,162.19,-96.0,6.557565917968759,-3.7235388183593727,+0.0
323.66,160.45,-96.0,5.473666992187475,-5.132108154296844,+0.0
596.26,-149.27,-96.0,7.176166992187518,-4.971892089843749,+0.0
