X,Y,Z,Offset_X,Offset_Y,Offset_Z
238.5,144.56,-148.0,+6.520050048828125,+4.140042724609373,0.0
287.04,-167.62,-148.0,+9.139962158203105,+5.159993286132817,0.0
627.54,149.57,-148.0,+5.970009765625036,+8.760017089843757,0.0
601.05,-186.51,-148.0,+14.239978027343795,+5.959996948242178,0.0
