X,Y,Z,Offset_X,Offset_Y,Offset_Z
341.62,-198.46,-97.0,17.486159667968707,2.8788787841797046,1.0
640.26,156.24,-97.0,17.707565917968736,2.226461181640616,1.0
307.18,153.91,-97.0,21.953666992187493,1.4078918457031477,1.0
583.85,-154.94,-97.0,19.586166992187486,0.6981079101562386,1.0
