Time,PartName,Robot_X,Robot_Y,Robot_Z,Db_X,Db_Y,Db_Z,Offset_X,Offset_Y,Offset_Z
1560350809884, part_large_gear_in_kt_1, 644.76,114.86,-138.0000762939453, 650.0, 111.8, -138.0, 5.259958496093759,-3.070014343261718,0
1560351038359, part_medium_gear_in_kt_1, 330.85,149.84,-138.00001525878906, 340.4, 145.0, -138.0, 9.549963378906227,-4.870014038085941,0
1560351143949, part_large_gear_in_pt_1, 371.77,-192.39,-137.99998474121094, 378.1, -195.4, -138.0, 6.360035400390643,-2.970000610351576,0
1560351224826, part_medium_gear_in_pt_1, 603.32,-162.71,-137.9999542236328, 612.0, -168.4, -138.0, 8.72992675781245,-5.6600103759765545,0
1561040998917, part_large_gear_in_kt_1, 434.61,102.52,-137.99998474121094, 440.1, 102.2, -138.0, 5.510025634765611,-0.30998565673827727,0
