Time,PartName,Robot_X,Robot_Y,Robot_Z,Db_X,Db_Y,Db_Z,Offset_X,Offset_Y,Offset_Z
1562958764944, part_medium_gear_in_kt_1, 259.31,177.66,-138.0, 267.3, 175.8, -138.0, 8.019956054687498,-1.8899804687499966,0
1562958831424, part_large_gear_in_kt_1, 624.76,129.83,-138.0000457763672, 630.3, 127.8, -138.0, 5.589975585937509,-2.0200024414062625,0
1562958892634, part_large_gear_in_pt_1, 587.67,-139.33,-138.00001525878906, 595.0, -142.4, -138.0, 7.319929199218791,-3.029970092773425,0
1562959010476, part_medium_gear_in_pt_1, 265.53,-172.91,-137.99998474121094, 273.1, -175.4, -138.0, 7.610075683593777,-2.5100439453125034,0
