Time,PartName,Robot_X,Robot_Y,Robot_Z,Db_X,Db_Y,Db_Z,Offset_X,Offset_Y,Offset_Z
1535037601058, part_large_gear_in_pt_1, 639.5, -199.8, -148.0, 637.13,-196.42,-148.0, 2.3742724609375045,-3.388181762695325,0
1535046003241, part_large_gear_in_kt_1, 282.8, -217.8, -148.0, 284.7,-213.97,-148.0, -1.9276000976562386,-3.8407452392578136,0
1535046169343, part_large_gear_in_pt_1, 670.4, -225.8, -148.0, 666.61,-220.0,-148.0, 3.8276831054687364,-5.758331298828125,0
1535046508521, part_medium_gear_in_pt_1, 669.3, 216.4, -148.0, 668.56,217.09,-148.0, 0.7117895507813046,-0.7370947265625034,0
1535046638757, part_medium_gear_in_kt_1, 247.5, 220.3, -148.0, 246.56,221.5,-148.0, 0.9520239257812477,-1.2060546875,0