Time,PartName,Input_X,Input_Y,Input_Z,Output_X,Output_Y,Output_Z,Offset_X,Offset_Y,Offset_Z
1600440956567, part_medium_gear_in_pt_1, 352.4, -189.1, -139.0, 345.67,-182.59,-139.0, 6.706159667968734,-6.481121215820309,0
1600441286179, part_medium_gear_in_kt_1, 650.3, 165.2, -139.1, 642.65,171.95,-139.0, 7.667565917968773,-6.733538818359364,0
1600441563523, part_large_gear_in_kt_1, 322.9, 161.8, -139.0, 316.65,168.29,-139.0, 6.233666992187523,-6.482108154296867,0
1600441880599, part_large_gear_in_pt_1, 597.2, -149.0, -139.0, 590.96,-143.76,-139.0, 6.236166992187464,-5.241892089843759,0
