Time,PartName,Robot_X,Robot_Y,Robot_Z,Db_X,Db_Y,Db_Z,Offset_X,Offset_Y,Offset_Z
1477403985444, sku_part_large_gear, 603.0484938047246,-174.00505733103432,-149.0, 601.79,-175.45,-149.0, 1.2584938047246,1.44494266896568,0.0
1477404398845, sku_part_large_gear, 323.72099346561413,-213.67014816686628,-149.0, 311.25,-218.8,-149.0, 12.47099346561413,5.12985183313372,0.0
1477404639627, sku_part_large_gear, 306.06117554640133,229.85034372845075,-149.0, 295.7,234.39,-149.0, 10.36117554640133,-4.53965627154925,0.0
1477404828705, sku_part_large_gear, 329.00357630833224,72.66069078736086,-149.0, 316.87,73.54,-149.0, 12.13357630833224,-0.87930921263914,0.0
1477405139424, sku_part_large_gear, 395.2155679277024,108.59917771937216,-149.0, 386.64,109.95,-149.0, 8.5755679277024,-1.35082228062784,0.0
1477405292478, sku_part_large_gear, 496.92744900955654,-41.40306060841024,-149.0, 491.42,-43.02,-149.0, 5.50744900955654,1.61693939158976,0.0
1477405408851, sku_part_large_gear, 635.4581500825054,-169.32131196740835,-149.0, 627.05,-177.18,-149.0, 8.4081500825054,7.85868803259165,0.0
