Time,PartName,Robot_X,Robot_Y,Robot_Z,Db_X,Db_Y,Db_Z,Offset_X,Offset_Y,Offset_Z
1479929665564, sku_part_large_gear, 292.70260493399303,40.179095907668,-149.0, 285.38,41.86,-150.0, 7.32260493399303,-1.680904092332,1.0
1479929716456, sku_part_large_gear, 356.44183382720144,160.289493085201,-149.0, 352.73,165.78,-150.0, 3.71183382720144,-5.490506914799,1.0
1479929773666, sku_part_large_gear, 430.08853359697446,-35.61092634985113,-149.0, 425.64,-37.81,-150.0, 4.44853359697446,2.19907365014887,1.0
1479929838675, sku_part_large_gear, 606.7720743419713,-99.87278594526656,-149.0, 606.29,-107.09,-150.0, 0.4820743419713,7.21721405473344,1.0
1479929906243, sku_part_large_gear, 582.8437141400659,74.11331376009173,-149.0, 581.04,76.98,-150.0, 1.8037141400659,-2.86668623990827,1.0
