Time,PartName,Robot_X,Robot_Y,Robot_Z,Db_X,Db_Y,Db_Z,Offset_X,Offset_Y,Offset_Z
1479930342339, sku_part_large_gear, 372.50890841032043,-191.00517337689024,-149.0, 363.66,-197.79,-150.0, 8.84890841032043,6.78482662310976,1.0
1479930407300, sku_part_large_gear, 500.90305570074327,0.3067729584487324,-149.0, 498.2,-1.59,-150.0, 2.70305570074327,1.8967729584487324,1.0
1479930472543, sku_part_large_gear, 540.6718977295642,-165.32148197580094,-149.0, 535.54,-169.89,-150.0, 5.1318977295642,4.56851802419906,1.0
