Time,PartName,Input_X,Input_Y,Input_Z,Output_X,Output_Y,Output_Z,Offset_X,Offset_Y,Offset_Z
1600435189208, part_medium_gear_in_pt_4, 433.5, -186.3, -139.0, 425.88,-183.44,-149.0, 7.6398364257812545,-2.8787103271484398,9.999984741210938
1600435198881, part_medium_gear_in_pt_4, 433.5, -186.3, -139.0, 425.88,-183.44,-149.0, 7.6398364257812545,-2.8787103271484398,9.999984741210938
