Xin,Yin,Zin,Xout,Yout,Zout,Offset_X,Offset_Y,Offset_Z,
0.0,0.0,0.0,0.1,0.1,0.1,0.1,0.1,0.1,
1.0,0.0,0.0,1.1,0.1,0.1,0.10000000000000009,0.1,0.1,
0.0,1.0,0.0,0.1,1.1,0.1,0.1,0.10000000000000009,0.1,
