Name,X (mm),Y (mm),Z (mm),Rx (deg),Ry (deg),Rz (deg),Approach,Joints
big_gripper_holder,93.446,548.545,-148.666,-179.72990000000001,-1.1167,0.0043,false,"83017.0,23507.0,-99767.0,1420.0,-68008.0,-47404.0,0.0,0.0"
big_gripper_holder,89.548,547.601,51.293,-179.7298,-1.1167,0.0043,true,"83411.0,16150.0,-80602.0,1227.0,-97774.0,-47313.0,0.0,0.0"
sharedHolder,631.081,-399.517,-204.227,-179.3584,-2.708500000000001,0.0388,false,"-34189.000, 46153.000, -69427.000, -2567.000, -74969.000, 19929.000, -1.000, 0.000"
sharedHolder,621.6321836195466,-401.7629588273887,-4.462950336517821,-179.3584,-2.708500000000001,0.0388,true,
