X,Y,Z,Offset_X,Offset_Y,Offset_Z
781.84,-389.97,-300.0,-6.864000000000033,27.866000000000042,10.0
566.52,-276.05,-300.0,1.2160000000000082,21.99600000000001,10.0
585.1,120.98,-300.0,-0.37599999999997635,13.137999999999991,10.0
761.47,221.04,-300.0,-5.427999999999997,17.29600000000002,10.0
