Name,X (mm),Y (mm),Z (mm),Rx (deg),Ry (deg),Rz (deg),Approach,Joints
big_gripper_holder,93.446,548.545,-148.666,-179.72990000000001,-1.1167,0.0043,false,"83017.0,23507.0,-99767.0,1420.0,-68008.0,-47404.0,0.0,0.0"
big_gripper_holder,89.548,547.601,51.293,-179.7298,-1.1167,0.0043,true,"83411.0,16150.0,-80602.0,1227.0,-97774.0,-47313.0,0.0,0.0"
smallvac_holder,-165.702,544.722,-243.674,-179.9447,-0.39879999999999993,0.6062,false,"109763.0,31835.0,-102357.0,606.0,-56326.0,-62048.0,0.0,0.0"
smallvac_holder,-167.091,544.514,-43.678,-179.9447,-0.39870000000000005,0.6061,true,"109906.0,20355.0,-88367.0,476.0,-84909.0,-61995.0,0.0,0.0"
