Name,X (mm),Y (mm),Z (mm),Rx (deg),Ry (deg),Rz (deg),Approach,Joints
big_gripper_holder,97.866,495.661,-303.991,175.75910000000002,0.21090000000000003,4.0976,false,"81402.0,34164.0,-110310.0,1455.0,-49502.0,-44301.0,0.0,0.0"
big_gripper_holder,97.624,506.759,-154.399,175.75880000000004,0.2105,4.095100000000001,true,"81646.0,22966.0,-101688.0,1099.0,-71744.0,-44160.0,0.0,0.0"
big_vacuum_holder,-131.482,520.08,-305.383,179.7743,2.5011000000000005,88.0097,false,"106344.0,35809.0,-107129.0,-786.0,-49278.0,-8893.0,0.0,0.0"
big_vacuum_holder,-131.845,526.642,-155.527,179.7743,2.5011000000000005,88.0096,true,"106216.0,24586.0,-99267.0,-601.0,-70696.0,-8967.0,0.0,0.0"
shared_with_fanuc_holder,629.816,-602.112,-250.327,178.95010000000002,2.4822,90.69979999999998,false,"-44279.0,65823.0,-36998.0,1247.0,-88614.0,77607.0,0.0,0.0"
shared_with_fanuc_holder,626.988,-595.65,-100.492,178.94999999999996,2.482100000000001,90.69979999999998,true,"-44087.0,63229.0,-21278.0,1230.0,-109167.0,77694.0,0.0,0.0"
small_private_holder,463.461,-602.274,-256.18,178.94750000000002,1.3298999999999999,90.6696,false,"-53702.0,50671.0,-68591.0,-57.0,-71061.0,83064.0,0.0,0.0"
small_private_holder,460.665,-598.825,-106.245,178.94750000000002,1.3298000000000003,90.66949999999999,true,"-53711.0,43622.0,-59726.0,-52.0,-88920.0,83061.0,0.0,0.0"
