X,Y,Z,Offset_X,Offset_Y,Offset_Z
773.42,-419.74,-298.306,-8.184999999999945,23,0.0
581.66,-373.09,-298.04,-0.6069999999999709,15.819999999999993,0.0
582.66,136.93,-295.446,5.780000000000086,7.805000000000007,0.0
801.37,93.46,-295.951,0.9389999999999645,7.315000000000012,0.0