Name,X (mm),Y (mm),Z (mm),Rx (deg),Ry (deg),Rz (deg),Approach,Joints
big_gripper_holder,93.224,547.033,-149.793,-179.972,-0.003200000000000001,0.0037999999999999996,false,"82248.0,23707.0,-99631.0,3.0,-68403.0,-46611.0,10.0,0.0"
big_gripper_holder,93.217,547.036,-13.706,-179.9722,-0.0029000000000000002,0.0041,true,"82247.0,17678.0,-87744.0,2.0,-88509.0,-46611.0,12.0,0.0"
smallvac_holder,-168.229,539.1,-242.653,179.9689,-0.0131,0.045599999999999995,false,"109909.0,31312.0,-103104.0,5.0,-56042.0,-62257.0,0.0,0.0"
smallvac_holder,-168.286,539.099,7.346,-179.9994,-0.013100000000000002,0.045500000000000006,true,"109921.0,18364.0,-83811.0,15.0,-92189.0,-62264.0,0.0,0.0"
