Name,X (mm),Y (mm),Z (mm),Rx (deg),Ry (deg),Rz (deg),Approach,Joints
p1,496.046,144.72,57.429,179.9988,-0.002,65.31009999999999,false,"16654.000, 11836.000, -85237.000, -1.000, -97907.000, 28460.000, 0.000, 0.000"
p2,496.051,144.72,29.758,179.9983,-0.0026000000000000003,65.31,false,"16654.000, 12221.000, -88652.000, -1.000, -93642.000, 28460.000, 0.000, 0.000"
p3,418.787,144.72,29.758,179.9983,-0.0026000000000000003,65.31,false,"19525.000, 3506.000, -98743.000, -1.000, -92098.000, 26836.000, -4.000, 0.000"
p4,418.787,144.719,29.764,180.0,0.0,-114.76500000000001,false,"19521.000, 3508.000, -98740.000, 0.000, -92103.000, -77656.000, 0.000, 0.000"
p5,491.784,144.719,29.755,-179.9992,-5.000000000000001E-4,-108.74270000000001,false,"16792.000, 11738.000, -89252.000, 1.000, -93514.000, -72615.000, 0.000, 0.000"
p6,496.037,144.704,57.434,-179.9991,-6.0E-4,-107.5312,false,"16654.000, 11836.000, -85237.000, 1.000, -97910.000, -71834.000, 0.000, 0.000"
