Time,PartName,Input_X,Input_Y,Input_Z,Output_X,Output_Y,Output_Z,Offset_X,Offset_Y,Offset_Z
1607975658336, part_small_gear_in_pt_1, 567.87,-108.92,-225.088, 575.9, -97.3, -225.1, 8.051000000000045,11.626999999999995,0
1607975904947, part_large_gear_in_pt_1, 758.13,222.72,-225.233, 764.1, 232.9, -225.2, 6.015999999999963,10.134000000000015,0
1607976102913, part_large_gear_in_pt_1, 594.25,115.75,-226.751, 603.3, 124.8, -226.8, 9.025999999999954,9.034000000000006,0
1607976322041, part_large_gear_in_kt_1, 766.7,-387.75,-223.124, 760.7, -368.1, -223.1, -6.028999999999996,19.603999999999985,0
