Time,PartName,Robot_X,Robot_Y,Robot_Z,Db_X,Db_Y,Db_Z,Offset_X,Offset_Y,Offset_Z
1562768638505, part_large_gear_in_kt_1, 773.42,-419.74,-298.306, 765.2, -400.2, -298.3, -8.184999999999945,19.49200000000002,0
1562768896180, part_large_gear_in_pt_1, 581.66,-373.09,-298.04, 581.1, -357.3, -298.0, -0.6069999999999709,15.819999999999993,0
1562769105454, part_large_gear_in_pt_1, 582.66,136.93,-295.446, 588.4, 144.7, -295.4, 5.780000000000086,7.805000000000007,0
1562769357275, part_small_gear_in_kt_1, 801.37,93.46,-295.951, 802.3, 100.8, -296.0, 0.9389999999999645,7.315000000000012,0
