Name,X1,Y1,X2,Y2,X_Offset,Y_Offset
sku_part_large_gear,542.209,185.476,538.08,184.8,4.128999999999905,0.6759999999999877
sku_part_large_gear,721.7199999999999,-380.578,725.02,-371.0,-3.300000000000068,-9.577999999999975
sku_part_small_gear,527.3009999999999,-88.487,525.71,-82.49,1.5909999999998945,-5.997
sku_part_small_gear,756.02,173.064,748.96,177.55,7.059999999999945,-4.486000000000018
