X,Y,Z,Offset_X,Offset_Y,Offset_Z
542.209,185.476,0.0,4.128999999999905,0.6759999999999877,0.0
721.7199999999999,-380.578,0.0,-3.300000000000068,-6,0.0
527.3009999999999,-88.487,0.0,1.5909999999998945,-5.997,0.0
756.02,173.064,0.0,7.059999999999945,-4.486000000000018,0.0