Time,PartName,Robot_X,Robot_Y,Robot_Z,Db_X,Db_Y,Db_Z,Offset_X,Offset_Y,Offset_Z
1534444792403, part_large_gear_in_pt_1, 721.6, -387.0, -297.1, 731.54,-397.4,-300.0, -9.964999999999918,10.421999999999969,2.9049999999999727
1534445068996, part_large_gear_in_pt_1, 544.3, 200.5, -300.0, 542.63,200.54,-300.0, 1.69399999999996,0.007000000000005002,-0.0049999999999954525
1534445261604, part_small_gear_in_pt_1, 517.5, -89.6, -300.0, 517.48,-92.62,-300.0, 0.006999999999948159,3.0660000000000025,0.005999999999971806
1534445465832, part_small_gear_in_kt_1, 762.0, 179.7, -300.0, 762.05,181.83,-300.0, -0.009999999999990905,-2.1780000000000257,-0.007000000000005002