Name,X (mm),Y (mm),Z (mm),Rx (deg),Ry (deg),Rz (deg),Approach,Joints
foo,297.00203594228,435.00094733777456,-164.9965881132909,180.0,-0.0,0.0,false,"526.7444390151828,60.41124324236133,18.25450064282009,180.0,-0.0,0.0"
