Xin,Yin,Zin,Xout,Yout,Zout,Offset_X,Offset_Y,Offset_Z,Label,
773.016,-382.422,-300.252,-264.4044494628906,451.75360107421875,-154.64573669433594,-1037.4204494628907,834.1756010742188,145.60626330566407,large_gear_kt_far_left,
594.865,160.391,-299.907,272.03143310546875,630.1641235351562,-152.16629028320312,-322.83356689453126,469.7731235351563,147.74070971679686,large_gear_pt_near_right,
517.481,-90.346,-299.989,22.15390968322754,710.75146484375,-156.49127197265625,-495.32709031677246,801.09746484375,143.49772802734373,small_gear_pt_mid_right,
794.437,144.343,-299.828,257.56182861328125,428.5867614746094,-154.54547119140625,-536.8751713867188,284.2437614746094,145.28252880859372,small_gear_kt_near_left,
595.169,-350.987,-299.0,-234.9477996826172,629.1004028320312,-155.52174377441406,-830.1167996826172,980.0874028320313,143.47825622558594,large_gear_pt_far_right,
