Xin,Yin,Zin,Xout,Yout,Zout,Offset_X,Offset_Y,Offset_Z,Label,
720.294,-389.813,-296.963,-243.30503845214844,498.9679870605469,-153.17648315429688,-963.5990384521484,888.7809870605469,143.78651684570315,large_gear_pt_left_top,
594.865,160.391,-299.907,307.9535827636719,631.6842041015625,-151.62005615234375,-286.91141723632813,471.29320410156254,148.28694384765623,large_gear_pt_right_bottom,
517.481,-90.346,-299.989,55.23391342163086,705.1768798828125,-151.5888214111328,-462.24708657836914,795.5228798828125,148.40017858886716,small_gear_pt_right_top,
794.437,144.343,-299.828,290.654052734375,432.9659423828125,-153.04080200195312,-503.782947265625,288.62294238281254,146.78719799804685,small_gear_kt_bottom_left,
