Xin,Yin,Zin,Xout,Yout,Zout,Offset_X,Offset_Y,Offset_Z,Label,
775.774,-384.587,-300.0,-266.7996520996094,449.335693359375,-155.8077392578125,-1042.5736520996093,833.922693359375,144.1922607421875,large_gear_kt_far_left,
594.865,160.391,-299.907,272.03143310546875,630.1641235351562,-152.16629028320312,-322.83356689453126,469.7731235351563,147.74070971679686,large_gear_pt_near_right,
517.481,-90.346,-299.989,22.15390968322754,710.75146484375,-156.49127197265625,-495.32709031677246,801.09746484375,143.49772802734373,small_gear_pt_mid_right,
775.156,88.658,-300.0,207.1726837158203,452.57501220703125,-155.12728881835938,-567.9833162841796,363.91701220703123,144.87271118164062,small_gear_kt_near_left,
595.169,-350.987,-299.0,-234.9477996826172,629.1004028320312,-155.52174377441406,-830.1167996826172,980.0874028320313,143.47825622558594,large_gear_pt_far_right,
