Xin,Yin,Zin,Xout,Yout,Zout,Offset_X,Offset_Y,Offset_Z,Label,
720.294,-389.813,-296.963,-240.94488525390625,508.0978088378906,-160.155517578125,-961.2388852539062,897.9108088378906,136.80748242187502,large_gear_pt_left_top,
594.865,160.391,-299.907,305.50457763671875,634.1226806640625,-160.12945556640625,-289.36042236328126,473.73168066406254,139.77754443359373,large_gear_pt_right_bottom,
517.481,-90.346,-299.989,56.179954528808594,708.55078125,-157.22157287597656,-461.3010454711914,798.89678125,142.7674271240234,small_gear_pt_right_top,
794.437,144.343,-299.828,290.6431579589844,434.9032897949219,-158.22242736816406,-503.79384204101564,290.5602897949219,141.6055726318359,small_gear_kt_bottom_left,
