Xin,Yin,Zin,Xout,Yout,Zout,Offset_X,Offset_Y,Offset_Z,Label,
773.016,-382.422,-300.252,-234.41693115234375,444.14154052734375,-158.20547485351562,-1007.4329311523437,826.5635405273438,142.04652514648438,large_gear_pt_left_top,
594.865,160.391,-299.907,307.9535827636719,631.6842041015625,-153.0,-286.91141723632813,471.29320410156254,146.90699999999998,large_gear_pt_right_bottom,
517.481,-90.346,-299.989,55.23391342163086,705.1768798828125,-153.0,-462.24708657836914,795.5228798828125,146.98899999999998,small_gear_pt_right_top,
794.437,144.343,-299.828,290.654052734375,432.9659423828125,-153.04080200195312,-503.782947265625,288.62294238281254,146.78719799804685,small_gear_kt_bottom_left,
