Xin,Yin,Zin,Xout,Yout,Zout,Offset_X,Offset_Y,Offset_Z,Label,
774.977,-362.104,-230.0,-250.45066833496082,451.71228027343756,-105.0,-1025.4276683349608,813.8162802734375,125.0,large_gear_kt_far_left,
584.724,134.119,-230.0,244.31515502929688,635.6605834960938,-105.0,-340.40884497070317,501.5415834960937,125.0,large_gear_pt_near_right,
567.736,-254.054,-230.0,-139.00990295410156,655.0400390625,-105.0,-706.7459029541016,909.0940390625,125.0,small_gear_pt_mid_right,
756.043,238.336,-230.0,350.20343017578125,467.0160217285156,-105.0,-405.83956982421876,228.6800217285156,125.0,large_gear_near_left_in_pt,
