Xin,Yin,Zin,Xout,Yout,Zout,Offset_X,Offset_Y,Offset_Z,Label,
774.977,-362.104,-300.0,-245.66311645507812,449.3331604003907,-157.0,-1020.6401164550781,811.4371604003907,143.0,large_gear_kt_far_left,
584.724,134.119,-300.0,252.47113037109375,640.4981689453125,-157.0,-332.2528696289063,506.3791689453125,143.0,large_gear_pt_near_right,
567.736,-254.054,-300.0,-135.73512268066406,656.9853515625,-157.0,-703.471122680664,911.0393515625,143.0,small_gear_pt_mid_right,
756.043,238.336,-300.0,353.0309753417969,472.1421203613281,-157.0,-403.01202465820313,233.8061203613281,143.0,large_gear_near_left_in_pt,
