Xin,Yin,Zin,Xout,Yout,Zout,Offset_X,Offset_Y,Offset_Z,Label,
774.977,-362.104,-300.0,-250.45066833496082,451.71228027343756,-157.10110473632812,-1025.4276683349608,813.8162802734375,142.89889526367188,large_gear_kt_far_left,
584.724,134.119,-300.0,244.31515502929688,635.6605834960938,-153.78744506835938,-340.40884497070317,501.5415834960937,146.21255493164062,large_gear_pt_near_right,
567.736,-254.054,-300.0,-139.00990295410156,655.0400390625,-153.2931671142578,-706.7459029541016,909.0940390625,146.7068328857422,small_gear_pt_mid_right,
756.043,238.336,-300.0,347.76763916015625,461.53814697265625,-153.11141967773438,-408.27536083984376,223.20214697265624,146.88858032226562,large_gear_near_left_in_pt,
