Xin,Yin,Zin,Xout,Yout,Zout,Offset_X,Offset_Y,Offset_Z,
721.896,-391.424,-287.43,446.4091796875,-429.8289489746094,-139.11993408203125,-275.48682031249996,-38.4049489746094,148.31006591796876,
546.456,178.394,-288.486,-121.93453979492188,-605.9541625976562,-140.13246154785156,-668.3905397949219,-784.3481625976563,148.35353845214843,