Xin,Yin,Zin,Xout,Yout,Zout,Offset_X,Offset_Y,Offset_Z,Label,
774.938,-362.125,-300.0,-245.66311645507812,449.3331604003906,-156.0,-1020.6011164550781,811.4581604003906,144.0,large_gear_kt_far_left,
594.865,160.391,-300.0,272.03143310546875,630.1641235351562,-156.0,-322.83356689453126,469.7731235351563,144.0,large_gear_pt_near_right,
517.481,-90.346,-300.0,22.15390968322754,710.75146484375,-156.0,-495.32709031677246,801.09746484375,144.0,small_gear_pt_mid_right,
775.156,88.658,-300.0,207.1726837158203,452.57501220703125,-156.0,-567.9833162841796,363.91701220703123,144.0,small_gear_kt_near_left,
595.169,-350.987,-300.0,-234.9477996826172,629.1004028320312,-156.0,-830.1167996826172,980.0874028320313,144.0,large_gear_pt_far_right,
603.96,19.505,-300.0,136.3188018798828,622.9300537109375,-156.0,-467.6411981201172,603.4250537109375,144.0,new_large_gear_in_pt_pos,
