Xin,Yin,Zin,Xout,Yout,Zout,Offset_X,Offset_Y,Offset_Z,Label,
773.016,-382.422,-300.252,-268.2589111328125,444.0881652832031,-145.45242309570312,-1041.2749111328126,826.5101652832032,154.79957690429688,large_gear_kt_far_left,
594.865,160.391,-299.907,272.0053405761719,625.3904418945312,-144.2103271484375,-322.85965942382813,464.9994418945313,155.69667285156248,large_gear_pt_near_right,
517.481,-90.346,-299.989,17.366666793823242,701.1652221679688,-143.47207641601562,-500.11433320617675,791.5112221679688,156.51692358398435,small_gear_pt_mid_right,
794.437,144.343,-299.828,255.6459503173828,430.5196228027344,-143.64285278320312,-538.7910496826172,286.1766228027344,156.18514721679685,small_gear_kt_near_left,
595.169,-350.987,-299.0,-236.39479064941406,619.9927368164062,-143.86036682128906,-831.563790649414,970.9797368164063,155.13963317871094,large_gear_pt_far_right,
