Xin,Yin,Zin,Xout,Yout,Zout,Offset_X,Offset_Y,Offset_Z,
721.896,-391.424,-287.43,446.4091796875,-429.8289489746094,-139.11993408203125,-275.48682031249996,-38.4049489746094,148.31006591796876,
546.456,178.394,-288.486,-121.93453979492188,-605.9541625976562,-140.13246154785156,-668.3905397949219,-784.3481625976563,148.35353845214843,
521.527,-100.622,-278.399,161.5321807861328,-630.6490478515625,-142.64700317382812,-359.99481921386723,-530.0270478515625,135.75199682617188,
757.757,183.418,-278.801,-123.93865966796875,-394.1811218261719,-135.735107421875,-881.6956596679687,-577.5991218261719,143.065892578125,
