Xin,Yin,Zin,Xout,Yout,Zout,Offset_X,Offset_Y,Offset_Z,Label,
774.977,-362.104,-300.0,-248.05043029785156,444.5251770019531,-157.0,-1023.0274302978515,806.6291770019532,143.0,large_gear_kt_far_left,
584.724,134.119,-300.0,242.87290954589844,635.6829833984375,-157.0,-341.8510904541016,501.5639833984375,143.0,large_gear_pt_near_right,
567.736,-254.054,-300.0,-139.0196990966797,650.2564086914062,-157.0,-706.7556990966797,904.3104086914062,143.0,small_gear_pt_mid_right,
756.043,238.336,-300.0,350.1617736816406,464.91839599609375,-157.0,-405.8812263183594,226.58239599609374,143.0,large_gear_near_left_in_pt,