Xin,Yin,Zin,Xout,Yout,Zout,Offset_X,Offset_Y,Offset_Z,Label,
721.901,-377.078,-288.0,-134.81582641601562,426.3914794921875,-294.8347473144531,-856.7168264160156,803.4694794921875,-6.834747314453125,large_rear_left,
542.39,188.976,-288.0,336.2427062988281,604.9510498046875,-144.0,-206.14729370117186,415.9750498046875,144.0,large_front_right,
527.482,-84.987,-288.0,160.87673950195312,623.1796875,-301.5710754394531,-366.60526049804685,708.1666875,-13.571075439453125,small_right_rear,
756.204,176.536,-288.0,422.37786865234375,393.2796936035156,-286.4251708984375,-333.8261313476562,216.74369360351562,1.5748291015625,small_front_left,
