Xin,Yin,Zin,Xout,Yout,Zout,Offset_X,Offset_Y,Offset_Z,Label,
714.16,-407.321,-300.0,-236.5004425048828,423.0868835449219,-156.416259765625,-950.6604425048828,830.4078835449219,143.583740234375,large_gear_pt_left_top,
535.603,163.461,-300.0,335.65325927734375,604.285400390625,-153.9976348876953,-199.9497407226562,440.824400390625,146.0023651123047,large_gear_pt_right_bottom,
518.935,-108.676,-300.0,59.87642288208008,620.1426391601562,-161.17250061035156,-459.05857711791987,728.8186391601563,138.82749938964844,small_gear_pt_right_top,
752.014,155.488,-300.0,326.76751708984375,388.0462951660156,-154.24658203125,-425.24648291015626,232.55829516601563,145.75341796875,small_gear_kt_bottom_left,
