Xin,Yin,Zin,Xout,Yout,Zout,Offset_X,Offset_Y,Offset_Z,
721.891,-386.044,-288.0,-236.2463836669922,428.0723571777344,-142.72952270507812,-958.1373836669922,814.1163571777344,145.27047729492188,
547.514,179.736,-288.0,330.9429931640625,603.466796875,-144.0,-216.5710068359375,423.730796875,144.0,
518.324,-102.747,-288.0,46.87565612792969,630.1642456054688,-144.0,-471.44834387207027,732.9112456054687,144.0,
756.305,183.247,-288.0,332.0020446777344,387.5552673339844,-144.0,-424.3029553222656,204.30826733398436,144.0,
