Name,X (mm),Y (mm),Z (mm),Rx (deg),Ry (deg),Rz (deg),Approach,Joints
foo,149.99999999999991,80.0,180.00000000000003,-180.0,6.482594106498E-15,-135.0,false,"282.955, 31.896, -39.505, -180.000, 0.000, -135.000"
