Name,X (mm),Y (mm),Z (mm),Rx (deg),Ry (deg),Rz (deg),Approach,Joints
Name,X (mm),Y (mm),Z (mm),Rx (deg),Ry (deg),Rz (deg),Approach,Joints
a,1250.0,0.0,6.123233995736766E-14,0.0,-0.0,0.0,false,"200.0,0.0,0.0,0.0,0.0,0.0"
a,1250.0,0.0,-149.99999999999994,0.0,-0.0,0.0,true,
b,1250.0,0.0,6.123233995736766E-14,0.0,-0.0,0.0,false,"200.0,0.0,0.0,0.0,0.0,0.0"
b,1250.0,0.0,-149.99999999999994,0.0,-0.0,0.0,true,
c,1250.0,0.0,6.123233995736766E-14,0.0,-0.0,0.0,false,"200.0,0.0,0.0,0.0,0.0,0.0"
c,1250.0,0.0,-149.99999999999994,0.0,-0.0,0.0,true,
