Name,X (mm),Y (mm),Z (mm),Rx (deg),Ry (deg),Rz (deg),Approach,Joints
farLeftHolder,-277.1707458496094,-361.9974365234375,22.641817092895508,-179.67985534667966,0.9086009860029468,139.73803710937497,false,"-127.597, 23.903, -42.193, -1.212, -47.451, 268.149"
farLeftHolder,-278.41876220703125,-359.84246826171875,172.6078338623047,-179.68112182617165,0.9085080027573816,139.7414093017578,true,"-127.887, 13.094, -17.755, -0.941, -71.891, 267.916"
nearLeftHolder,-113.97587585449219,-364.081787109375,22.058917999267578,-179.80863952636707,0.8590714931492976,141.3236846923828,false,"-107.536, 13.164, -46.583, -1.075, -42.934, 249.643"
nearLeftHolder,-115.4185791015625,-362.2852783203125,172.04119873046875,-179.8086395263673,0.8590722084038638,141.32369995117188,true,"-107.826, 0.325, -19.348, -0.781, -70.169, 249.410"
sharedHolder,-272.7492980957031,603.2757568359375,-38.372047424316406,179.58731079101577,-0.7105991244310963,142.75930786132812,false,"114.331, 62.526, -25.138, 0.027, -64.040, 28.414"
sharedHolder,-271.99072265625,601.444580078125,108.43695831298828,179.6326751708986,-0.6244423389443576,142.75971984863284,true,"114.337, 55.591, -5.633, 0.026, -83.643, 28.418"
